{
  "project_info": {
    "project_number": "303149096689",
    "project_id": "zhan-wang-final-project",
    "storage_bucket": "zhan-wang-final-project.appspot.com"
  },
  "client": [
    {
      "client_info": {
        "mobilesdk_app_id": "1:303149096689:android:8fda4d486c70ab83f9d350",
        "android_client_info": {
          "package_name": "com.example.hypergaragesale"
        }
      },
      "oauth_client": [
        {
          "client_id": "303149096689-hqisdo793gmbb5l79m1dlhlpmemdpt0v.apps.googleusercontent.com",
          "client_type": 3
        }
      ],
      "api_key": [
        {
          "current_key": "AIzaSyAVQsgOJFtjvMTB2S9pzufNSuFeS8U1GfA"
        }
      ],
      "services": {
        "appinvite_service": {
          "other_platform_oauth_client": [
            {
              "client_id": "303149096689-hqisdo793gmbb5l79m1dlhlpmemdpt0v.apps.googleusercontent.com",
              "client_type": 3
            },
            {
              "client_id": "303149096689-k94t86qs621nfn921lbjlcsufd6sdais.apps.googleusercontent.com",
              "client_type": 2,
              "ios_info": {
                "bundle_id": "com.example.hypergaragesale"
              }
            }
          ]
        }
      }
    }
  ],
  "configuration_version": "1"
}